Tweet Text,Sentiment Label
fry this mf along with clinton the murders these two have committed to conceal their crimes against americans is astonishing amp they must pay for their treasonous crimes god bless america and president trump amen,1
the one new detail that reveals why the house hearings on the mueller report will lead to donald trump s impeachment,0
no trump haters are laughable a bunch of whinning bedwetting sissy poor losers nothing prevented mueller from recommending or charging obstruction the fact is he didn t he had all the resources of the govt for 2 yrs with no oversight and couldn t prove anything wise up,1
i love how president trump makes cnn wonder keep up the good work president trump maga,0
morning joe embraces trump s morning psycho insult,0
trump opposed to his staff testifying over mueller report,0
mueller wins in a heartbeat i wouldn t depend on trump to tell the truth about anything he has zero credibility imo,0
trump meets with twitter ceo amid bias complaints,0
donald trump met with twitter ceo jack dorsey,1
bring great back to australia we need it mr trump,0
did people actually forget that trump doesn t really like jews smh shame shame shame,0
next film release the corrupt president 18 contains swearing and scenes you may find disturbing trump tax return deadline missed again,0
enough is enough trump opposes aides testifying to congress in post mueller probes,0
latest from trump treasury secretary hit with a multi billion dollar fraud lawsuit for helping destroy sears it s so bad that even trump called it horribly mismanaged mnuchin was on its board for over a decade,0
say what you trump minion,0
it s a retweet of don jr s about pa unemployment being its lowest is it not showing,0
why do you think its ok for trans rights to trump women s rights organise your own shit ffs rather than trying to invade women s space,0
many thousands of scientists disagree about climate change time for a debate obama built the cages trump stopped their use as you very well know as pr you need to work on your arguments,0
israel prime minister wants to name a town after trump i want to immigrate now please,0
vintage classic pfleuger trump 576 fly fishing reel via,1
who i like at this moment warren pete harris biden kamala amp pete are tied on my list who i think gives us the best chance of winning by getting the most conservative votes biden who i d be willing to vote for a pet rock could do better than trump,0
and yet they can t figure out why the can t attract mainstream democrats who actually consistently vote worse 21 of them would vote for trump if mayor pete was the nominee 26 if it was warren these are immature nihilists why the dnc should give them a penny is beyond me,0
now he s saying about giving homophobes racists etc etc a second chance bet he wouldn t allow trump a second chance though bit hypocritical that isn t it,0
the timing of assange s arrest right after the meuller report is very suspicious he knows much that will be helpful in exposing the deep state to pardon or jai him would cause an uproar to work a deal with him would reveal him amp trump as heroes in the fight for justice,0
if trump doesn t dispatch un nooh he is probably giving a pass to someone playing un nooh next ding bbcsnooker,0
your wednesday briefing by inyoung kang via nyt,1
president trump is not afraid of anyone he went to n korea and faced up with kim juang un no other president did those you mention are a waste of time they are only wanna bes,1
judd closes the gap to just 2 frames still work to be done though judd trump 5 19 7 un nooh ilovesnooker,1
thread by kanefield dear sen graham did you read report the problem isn t that trump stood by and expected to benefit froal attack on our elections the real problem is u s senators telling bald faced lies to the american people,0
scrappy old frame that but it s trump who comes out the winner mistakes from either side both potting wise and in safety play both players stumbling here trump 5 un nooh 7 one more before the mid session bbcsnooker ilovesnooker,0
fuck trump he thinks wind turbines cause cancer i m with the hippy 16yohippie2020,0
twitter ceo jack dorsey met with president trump today white house politics video,1
people are too emotional the senate won t convict trump so impeachment is high risk with almost no possibility of reward democrats won t win if their platform is that they re against trump they need to focus on what they want to do,0
north korean leader kim jong un arrives in russia by train a day before his much anticipated summit with president vladimir putin,1
unfortunately our republic is only looking more like a bankrupt trump deal every day for the majority of it s citizens your 37 approval rating is a reflection of your inability to do your job as a servant to this great country impeachdonadtrump,0
pray that president trump potus fears god and keeps his commandments for this is his duty for god will bring every deed into judgment including every hidden thing whether it is good or evil ecclesiastes 12 13 14,0
that feeling you get when you want to discipline another s child when child is running around acting the fool and the parent is doing nothing congressdoyourjob mueller report underscores dangerous trump disdain for rule of law,0
sacco sacco if we spoke truth that clearly the world would crack in half the symphonic insult about sri lanka christians from obama amp hillary was a warning to trump to back off trying to arrest them or with a word they would toss the world into chaos look to las vegas event,0
what a hypocrite your guest is ok for an actor to make mistakes in past but he slams trump for comment made 10 yrs ago in private,1
rachel maddow just blew a massive hole in trump s plot to obstruct congressional investigations,0
lol you are funny they ve tried everything in their playbook and they still miss remember that when you try to kill the king you better kill the king the democrat s are in cya mode now their dirty and trump is coming for them this summer is going to be fun,1
in push for 2020 election security top official was warned don t tell trump,0
pretending ethics still exist in the age of trump,0
twitter ceo jack dorsey and president trump met behind closed doors to discuss social media ahead of the 2020 election,0
the investigation into the greatest attack on american democracy is worse than the attack itself the lack of patriotism in this white house is stunning especially considering the america first platform on which trump ran,0
a running list of the probes that pose the greatest threat to trumpworld,0
make america great again republican who worked to impeach nixon challenging trump for the presidency via,1
remember when hillary went to court to block all testimony regarding benghazi before congress neither do i icymi don mcgahn amp hillary have bigger balls than donald j trump impeachtrump,1
stealing lying murderous devils,0
and accomplish nothing getting rid of the trump in a punitive humiliating way is only issue of importance now we cannot accept the notion that a slash and burn governing style is acceptable in the us,0
1 trump is a rino and a predator 2 bad behavior doesnt justify worse behavior,0
romney would be a strong contender against trump but i expect he doesn t want to run if he doesn t think he d win in the general,1
congress y all keep playing with that criminal in the white house he has no respect for the law how many times must he show you who he is move on him like a bitch impeachmentnow irs misses deadline to hand over trump tax returns politico,1
trump dump,0
there s a bigger prize than impeachment keeping trump in office will destroy the republican party by joe lockhart trump gop 2020election 2020presidentialelection 2020elections donaldtrump,0
judd trump is the latest big name at risk of a shock defeat in the snooker world championships thepchaiya un nooh leads 7 5 and is just three frames from victory,1
iowa state rep andy mckean switched parties bec of trump josh lyman is finally off the hook,0
kim jong un rumbles into vladivostok looking for putin to help him deal with trump via,0
nothing can stop what s coming the impeachment of trump and the impeachment of barr,0
european reporter reveals trump russia collusion hoax has its origins with soros funded ukrainian activist group,0
the uk will ignore us pressure to ban huawei from its 5g network 2 months before trump s state visit,0
have you read this,1
calling these oversight disputes badly mischaracterizes what trump is attempting imo making it seem like an ordinary partisan tussle between branches it is different in kind it is a one sided assault on the separation of powers,0
that guy aint no poor guy thats fucking justin bieber 1 1 they make it sound like he is fucking satan or trump he has literally done nothing omg,1
hello i am lelia pinder cab taxi operator for uk airport taxi transfers call 01908 263263 book4 the best trip of your life link in bio business smallbiz miltonkeynes trump ripcity cyberuk19,1
the trump crime family is from the same material,0
of course i should have started with slavery and native americans those abuses were so ugly i don t know how those same men created some great concepts amongst their racism genocide amp sexism maybe we ll pay w the damage trump brings abt amp millennials will emerge cleansed,1
good overview from of reactions re trump admin announcement to withdraw waivers for purchase of iran s oil,1
stop we do not approve of your bullshit offshore drilling at all stop your greed explore alternative energy ps trump will be gone so deal with it,0
stop playing footsie w trump b straight 4 word amp say if those u hv subpoenaed 2 house do not show they will b charged w contempt of congress this nice time is over we want u 2 do your jobs n stop b n weak 4action,0
like father like son donald trump jr declined to be voluntarily interviewed by mueller via,0
the age of the elected despot is here as abraham lincoln suggested a democratic republic will only endure if touched by the better angels of our nature via populism brexit trump orban salvini racism migrationeu futureofeurope,0
no donald trump is not a secret russian agent he s just a visibly bad president via,0
pray that president trump potus will no longer be conformed to former lusts but will become holy in all of behavior 1 peter 1 14 16 may he be holy as god jesus and the holyspirit are holy,1
20 of all bernie supporters say this bernie is not the nominee they will vote for trump,1
trump s honesty is coming back to bite him,0
your statement is a lie compared to the material provided trump did not tell sessions to stop the investigation he asked session to proclaim what he knew as the truth no collusion witnessed,1
trump makes everyone feel like they too can be president,1
as for trump s corruption,0
william barr is as cooked as trump shame on all of the you ll lie just like so many about what you read keep in mind if this was about hillary you would all be after her press release press releases the newsroom republican leader,0
as much as i long to see trump deposed and frog marched out of the white house i kind of agree with pelosi it would be better to beat him with a landslide election defeat in 2020 but,0
what the actual f is evil,0
impeach trump now,0
mnuchin defying a congressional order to turn over trump s tax returns is the scariest thing yet where is the rule of law trump has packed every agency and all of the courts with his henchmen i m truly terrified about what this means also what the f is he hiding,0
bc mufc2 so what exactly is wrong with trump what is your reasons for disliking him as a president what actions has he taken or which policies do you disagree with you think politicians are grounded in reality like aoc he s more for the people than any democrat and most republicans,1
that s almost an easier choice between conservative s labour or ukip ukip all the way trump in this situation,0
planned parenthood states should oppose trump gag rule,0
that s plan wrong,0
congress is about to have its first constitutional showdown with the trump administration,0
beloved maybe slimy piers thinks the only role for megan is to be a cleaner in buckingham palace in the same way when he told omarosa the black contestant on his boyfriend trump usa apprentice the only job she could do was a cleaner in the whitehouse,0
keeping trump in office is the best way to destroy what s left of the gop clinton white house press secretary smartnews,0
visit website trump tax return deadline missed again amerislamunderway,0
democrats are prepping to weaponize the house of representatives against trump let s hope it keeps them too busy to pass new laws reasonroundup via,1
john bercow urged to lift parliament ban on donald trump ahead of state visit,1
hillary clinton trump would certainly have been indicted if not president cnnpolitics and hillary most certainly would have been indicted if not protected by criminal insiders,0
if you watch the like count and retweet count when trump posts go up by the 100s in seconds 1000s in minutes you know they re bots twitter ceo gently tells trump your lost followers are bots and spam accounts via,0
odd spicer isn t working for trump and he s still a liar and of course he never really worked for trump he was supposed to have been working for all americans,0
truth or and much of that still exonerates trump these peeps need to actually read the report,1
a running list of the probes that pose the greatest threat to trumpworld,0
busey tittel they dems are obstructionists with trump like the gop were obstructionists with oboma it s getting old how none of them want to actually do their jobs and work for the people paying them,1
in fathom and analyse the looming trump peace plan and ask how do you move arab states to a position whereby they accept the plan as a basis for talks,0
every time trump blocks cong from investigations not related to mueller but related to his family business and money it is just another new area to investigate he is suing his accountants personally not as president to stop their compliance with a subpoena obstruction 101,0
hadn t us granted trump s amp kushner s asylum they would not be aiding hostile foreign powers 2destroy america s governing constitution must be honor at all costs from foreign amp or domestic threats u go maxine impeach those mfer s,0
i just looked at canadian politics and trudeau has a lower approval rating than trump damn he must really be bad like imagine,0
president trump and his businesses ask a court to block congress from obtaining accounting records,0
trump it s easy and simple donald trump has hijacked the party and they all have stockholm syndrome whatever he says wants policy he enacts and tweets is what the majority of the party stands for the trump party,0
amazing lindsey how you pick amp choose the parts of the constitution you choose to support when it benefits your interests trump is truly an evil man but you are worse you are an enabler you are complicit you are a hypocrit love all those righteous speaks in 1990 s,0
oh i don t know democrats will be busy checking out everything trump can you believe it he s a crook amp fellon just asking to be impeached,1
will mortgage interest rates continue to climb in 2019 trump is trying to talk the feds out of more rate increases what are the prospects in 2019 read on bill rayman s blog,1
video hillary trump nominated steve forbes to the federal reserve board,0
walking small trump complained about losing followers in meeting with twitter ceo,0
lindsey graham tells trump to expect impeachment proceedings,0
are italian americans racist let s talk about it via razism trump italianamericans april24th discrimination republicans democrats newyork,0
one more time you can obstruct the process of justice even though you think you didn t commit the original crime but trump did,0
pelosi is too dumb to know she needs the senate held by republicans to impeach trump which won t happen so it ll be an excersize in stupidity for democrats,1
pray that president trump be filled with the holy spirit speaking with psalms hymns and spiritual songs may he sing and make music in his heart to the lord always giving thanks to god the father for everything in the name of our lord jesus christ,1
it s become too obvious you are obstructing the government that serves the people you are supposed to be serving the dem party won by promising to fix health care not harass trump,1
gop lawmaker quits party because of trump s disregard for the truth,0
there are democratic candidates that have the ability to shred trump,0
trump is riding obama s wave of success obama was the one that kick started the economy again if obama did the things trump did what would be your vote it s a simple question,1
trump backs harley davidson on eu trade tariffs avinaccountants auditors,1
the age of the elected despot is here as abraham lincoln suggested a democratic republic will only endure if touched by the better angels of our nature via populism brexit trump orban salvini racism migrationeu futureofeurope,0
let s be honest here the investigation was about getting trump that s all it was about dems don t care what the russians were doing obama amp hillary were in bed with the russians making money off them it was a total setup to get trump from the get go,1
don t think the whole story of what mcgahn prevented trump from doing is fully known trump wanted hillary locked up mueller fired asad assassinated clearly there are no bounds to trump s criminal conduct we must investigate,0
trump a threat to national security republicansforimpeachment impeachdonaldtrump,0
do you know of any democrat candidate who could possibly be worse than what we have i don t care which democrat is on the ballot opposing trump they will have my vote,1
netanyahu will propose naming a new illegal settlement in the occupied golan heights after trump,1
trump was telling the damn truth,1
watch what do you have to lose donald trump tells black voters on youtube,1
supreme court may side with trump administration on census,1
the party of trump insults for anyone that doesn t blindly agree with you i used one be a republican until the party molded itself into his image maybe you ll look back one day see the truth hindsight is 20 20 as they say and i do follow aoc she s a sharp cookie,0
miller 007 farmers who use migrant immigrant workers to harvest their crops knew amp still voted for him they support him even now as they are bankrupted amp their crops die in the fields b c there is no one to harvest them even if they do manage to harvest trump tariffs mean no buyers,0
trump says he is opposed to white house aides testifying to congress deepening power struggle with hill guilty people have something to hide,1
via your wednesday briefing,1
dems are out of touch with the legacies of jfk amp fdr who were potus who cared about the amer people like trump does dems care only about themselves,0
maybe trump should add 30 new conservative justices work for you,0
i just read that the greens may offered to accept jwr and cp into their party if true as of right now for me canada has only two viable political parties from the standpoint of reason and progressiveness the liberals and the ndp the others can go join the likes of trump,0
the term conservative now represents the worst element of the i used to call myself one but i refuse to be a nationalist trump nut,0
we re now seeing trump flex even more i never thought i would live in such a state of fear and insecurity if there is a silverlining we can now get a very slight perception of what many cultures suffer fear amp uncertainty to demand his staff refuse subpoenas,0
yet more evidence that we have a trumpregime and not a trump administration the executive branch is sick and behaves in ways that are utterly immoral and likelyl illegal,0
iowa s longest serving gop lawmaker joins the democrats because of trump,0
trump tweet recipe box cake version 1 part professional wrestler monologue 2 parts cornered last ditch grifter bluff mix in 2 heaping tbsp napoleonic delusional tirade amp a little post concussion style gibberish to taste and voil a instantasshole,0
they own kushner now until he and trump are removed the us will continue to protect sa,0
let s make london great again lol even trump couldn t do that now the monkeys have taken control of the zoo,0
trump jack dorsey summit what happened call 1 888 465 2631,1
via trump opposed to his staff testifying over mueller report,0
visit website trump opposed to his staff testifying over mueller report amerislamunderway,0
no donald trump started that conversation when he literally said he was going to stop all muslims from entering the us your side cheered that remember i thought i had convinced you but apparently not so please try harder,0
us briefing trump defies congress online extremism and sri lanka,1
the only person that has lost all credibility is traitor trump,0
